4;10;13;0;0
4;27;13;0;0
4;36;12;0;0
4;45;10;0;0
4;54;9;0;0
4;63;8;0;0
4;72;7;0;0
4;81;5;0;0
2;90;12;8;0
1;100;22;8;0
1;109;23;8;0
1;119;21;8;0
1;128;22;8;0
1;137;23;8;0
1;146;24;8;0
1;155;25;8;0
1;165;23;8;0
1;174;24;8;0
1;183;25;8;0
1;192;26;8;0
1;201;27;8;0
1;210;28;8;0
1;219;29;8;0
1;225;30;8;0
1;225;31;8;0
1;225;32;8;0
1;225;33;8;0
1;225;34;8;0
1;225;35;8;0
1;225;36;8;0
1;225;37;8;0
1;225;38;8;0
1;225;39;8;0
1;225;40;8;0
1;225;41;8;0
1;225;42;8;0
1;225;43;8;0
1;225;44;8;0
1;225;45;8;0
1;225;46;8;0
1;225;47;8;0
1;225;48;8;0
1;225;49;8;0
1;225;50;8;0
1;225;51;8;0
1;225;52;8;0
1;225;53;8;0
1;225;54;8;0
1;225;55;8;0
1;225;56;8;0
1;225;57;8;0
1;225;58;8;0
1;225;59;8;0
1;225;60;8;0
1;225;61;8;0
1;225;62;8;0
1;225;63;8;0
1;225;64;8;0
1;225;65;8;0
1;225;66;8;0
1;225;67;8;0
1;225;68;8;0
1;225;69;8;0
1;225;70;8;0
1;225;71;8;0
1;225;72;8;0
1;225;73;8;0
1;225;74;8;0
1;225;75;8;0
1;225;76;8;0
1;225;77;8;0
1;225;78;8;0
1;225;79;8;0
1;225;80;8;0
1;225;81;8;0
1;225;82;8;0
1;225;83;8;0
1;225;84;8;0
1;225;85;8;0
1;225;86;8;0
1;225;87;8;0
1;225;88;8;0
1;225;89;8;0
1;225;90;8;0
1;225;91;8;0
1;225;92;8;0
1;225;93;8;0
1;225;94;8;0
1;225;95;8;0
1;225;96;8;0
1;225;97;8;0
1;225;98;8;0
1;225;99;8;0
1;225;100;8;0
1;225;101;8;0
1;225;102;8;0
1;225;103;8;0
1;225;104;8;0
1;225;105;8;0
1;225;106;8;0
1;225;107;8;0
1;225;108;8;0
1;225;109;8;0
1;225;110;8;0
1;225;111;8;0
1;225;112;8;0
1;225;113;8;0
1;225;114;8;0
1;225;115;8;0
1;225;116;8;0
1;225;117;8;0
1;225;118;8;0
1;225;119;8;0
1;225;120;8;0
1;225;121;8;0
1;225;122;8;0
1;225;123;8;0
1;225;124;8;0
1;225;125;8;0
1;225;126;8;0
1;225;127;8;0
1;225;128;8;0
1;225;129;8;0
1;225;130;8;0
1;225;131;8;0
1;225;132;8;0
1;225;133;8;0
1;225;134;8;0
1;225;135;8;0
1;225;136;8;0
1;225;137;8;0
1;225;138;8;0
1;225;139;8;0
1;225;140;8;0
1;225;141;8;0
1;225;142;8;0
1;225;143;8;0
1;225;144;8;0
1;225;145;8;0
1;225;146;8;0
1;225;147;8;0
1;225;148;8;0
1;225;149;8;0
1;225;150;8;0
1;225;151;8;0
1;225;152;8;0
1;225;153;8;0
1;225;154;8;0
1;225;155;8;0
1;225;156;8;0
1;225;157;8;0
1;225;158;8;0
1;225;159;8;0
1;225;160;8;0
1;225;161;8;0
1;225;162;8;0
1;225;163;8;0
1;225;164;8;0
1;225;165;8;0
1;225;166;8;0
1;225;167;8;0
1;225;168;8;0
1;225;169;8;0
1;225;170;8;0
1;225;171;8;0
1;225;172;8;0
1;225;173;8;0
1;225;174;8;0
1;225;175;8;0
1;225;176;8;0
1;225;177;8;0
1;225;178;8;0
1;225;179;8;0
1;225;180;8;0
1;225;181;8;0
1;225;182;8;0
1;225;183;8;0
1;225;184;8;0
1;225;185;8;0
1;225;186;8;0
1;225;187;8;0
1;225;188;8;0
1;225;189;8;0
1;225;190;8;0
1;225;191;8;0
1;225;192;8;0
1;225;193;8;0
1;225;194;8;0
1;225;195;8;0
1;225;196;8;0
1;225;197;8;0
1;225;198;8;0
1;225;199;8;0
1;225;200;8;0
1;225;201;8;0
1;225;202;8;0
1;225;203;8;0
1;225;204;8;0
1;225;205;8;0
1;225;206;8;0
1;225;207;8;0
1;225;208;8;0
1;225;209;8;0
1;225;210;8;0
1;225;211;8;0
1;225;212;8;0
1;225;213;8;0
1;225;214;8;0
1;225;215;8;0
1;225;216;8;0
1;225;217;8;0
1;225;218;8;0
1;225;219;8;0
1;225;220;8;0
1;225;221;8;0
1;225;222;8;0
1;225;223;8;0
1;225;224;8;0
1;225;225;8;0
1;225;226;8;0
1;225;227;8;0
1;225;228;8;0
1;225;229;8;0
1;225;230;8;0
1;225;231;8;0
1;225;232;8;0
1;225;233;8;0
1;225;234;8;0
1;225;235;8;0
1;225;236;8;0
1;225;237;8;0
1;225;238;8;0
1;225;239;8;0
1;225;240;8;0
1;225;241;8;0
1;225;242;8;0
1;225;243;8;0
1;225;244;8;0
1;225;245;8;0
1;225;246;8;0
1;225;247;8;0
1;225;248;8;0
1;225;249;8;0
1;225;250;8;0
1;225;251;8;0
1;225;252;8;0
1;225;253;8;0
1;225;254;8;0
1;225;255;8;0
1;225;256;8;0
1;225;257;8;0
1;225;258;8;0
1;225;259;8;0
1;225;260;8;0
1;225;261;8;0
1;225;262;8;0
1;225;263;8;0
1;225;264;8;0
1;225;265;8;0
1;225;266;8;0
1;225;267;8;0
1;225;268;8;0
1;225;269;8;0
1;225;270;8;0
1;225;271;8;0
1;225;272;8;0
1;225;273;8;0
1;225;274;8;0
1;225;275;8;0
1;225;276;8;0
1;225;277;8;0
1;225;278;8;0
1;225;279;8;0
1;225;280;8;0
1;225;281;8;0
1;225;282;8;0
1;225;283;8;0
1;225;284;8;0
1;225;285;8;0
1;225;286;8;0
1;225;287;8;0
1;225;288;8;0
1;225;289;8;0
1;225;290;8;0
1;225;291;8;0
1;225;292;8;0
1;225;293;8;0
1;225;294;8;0
1;225;295;8;0
1;225;296;8;0
1;225;297;8;0
1;225;298;8;0
1;225;299;8;0
1;225;300;8;0
1;225;301;8;0
1;225;302;8;0
1;225;303;8;0
1;225;304;8;0
1;225;305;8;0
1;225;306;8;0
1;225;307;8;0
1;225;308;8;0
1;225;309;8;0
1;225;310;8;0
1;225;311;8;0
1;225;312;8;0
1;225;313;8;0
1;225;314;8;0
1;225;315;8;0
1;225;316;8;0
1;225;317;8;0
1;225;318;8;0
1;225;319;8;0
1;225;320;8;0
1;225;321;8;0
1;225;322;8;0
1;225;323;8;0
1;225;324;8;0
1;225;325;8;0
1;225;326;8;0
1;225;327;8;0
1;225;328;8;0
1;225;329;8;0
1;225;330;8;0
1;225;331;8;0
1;225;332;8;0
1;225;333;8;0
1;225;334;8;0
1;225;335;8;0
1;225;336;8;0
1;225;337;8;0
1;225;338;8;0
1;225;339;8;0
1;225;340;8;0
1;225;341;8;0
1;225;342;8;0
1;225;343;8;0
1;225;344;8;0
1;225;345;8;0
1;225;346;8;0
1;225;347;8;0
1;225;348;8;0
1;225;349;8;0
1;225;350;8;0
1;225;351;8;0
1;225;352;8;0
1;225;353;8;0
1;225;354;8;0
1;225;355;8;0
1;225;356;8;0
1;225;357;8;0
1;225;358;8;0
1;225;359;8;0
1;225;360;8;0
1;225;361;8;0
1;225;362;8;0
1;225;363;8;0
1;225;364;8;0
1;225;365;8;0
1;225;366;8;0
1;225;367;8;0
1;225;368;8;0
1;225;369;8;0
1;225;370;8;0
1;225;371;8;0
1;225;372;8;0
1;225;373;8;0
1;225;374;8;0
1;225;375;8;0
1;225;376;8;0
1;225;377;8;0
1;225;378;8;0
1;225;379;8;0
1;225;380;8;0
1;225;381;8;0
1;225;382;8;0
1;225;383;8;0
1;225;384;8;0
1;225;385;8;0
1;225;386;8;0
1;225;387;8;0
1;225;388;8;0
1;225;389;8;0
1;225;390;8;0
1;225;391;8;0
1;225;392;8;0
1;225;393;8;0
1;225;394;8;0
1;225;395;8;0
1;225;396;8;0
1;225;397;8;0
1;225;398;8;0
1;225;399;8;0
1;225;400;8;0
1;225;401;8;0
1;225;402;8;0
1;225;403;8;0
1;225;404;8;0
1;225;405;8;0
1;225;406;8;0
1;225;407;8;0
1;225;408;8;0
1;225;409;8;0
1;225;410;8;0
1;225;411;8;0
1;225;412;8;0
1;225;413;8;0
1;225;414;8;0
1;225;415;8;0
1;225;416;8;0
1;225;417;8;0
1;225;418;8;0
1;225;419;8;0
1;225;420;8;0
1;225;421;8;0
1;225;422;8;0
1;225;423;8;0
1;225;424;8;0
1;225;425;8;0
1;225;426;8;0
1;225;427;8;0
1;225;428;8;0
1;225;429;8;0
1;225;430;8;0
1;225;431;8;0
1;225;432;8;0
1;225;433;8;0
1;225;434;8;0
1;225;435;8;0
1;225;436;8;0
1;225;437;8;0
1;225;438;8;0
1;225;439;8;0
1;225;440;8;0
1;225;441;8;0
1;225;442;8;0
1;225;443;8;0
1;225;444;8;0
1;225;445;8;0
1;225;446;8;0
1;225;447;8;0
1;225;448;8;0
1;225;449;8;0
1;225;450;8;0
1;225;451;8;0
1;225;452;8;0
1;225;453;8;0
1;225;454;8;0
1;225;455;8;0
1;225;456;8;0
1;225;457;8;0
1;225;458;8;0
1;225;459;8;0
1;225;460;8;0
1;225;461;8;0
1;225;462;8;0
1;225;463;8;0
1;225;464;8;0
1;225;465;8;0
1;225;466;8;1
1;225;467;8;1
1;225;468;8;1
1;225;469;8;1
1;225;470;8;1
1;225;471;8;1
1;225;472;8;1
1;225;473;8;1
1;225;474;8;1
1;225;475;8;1
1;225;476;8;1
1;225;477;8;1
1;225;478;8;1
1;225;479;8;1
1;225;480;8;1
1;225;481;8;1
1;225;482;8;1
1;225;483;8;1
1;225;484;8;1
1;225;485;8;1
1;225;486;8;1
1;225;487;8;1
1;225;488;8;1
1;225;489;8;1
1;225;490;8;1
1;225;491;8;1
1;225;492;8;1
1;225;493;8;1
1;225;494;8;1
1;225;495;8;1
1;225;496;8;1
1;225;497;8;1
1;225;498;8;1
1;225;499;8;1
1;225;500;8;1
1;225;501;8;1
1;225;502;8;1
1;225;503;8;1
1;225;504;8;1
1;225;505;8;1
1;225;506;8;1
1;225;507;8;1
1;225;508;8;1
1;225;509;8;1
1;225;510;8;1
1;225;511;8;1
1;225;512;8;1
1;225;513;8;1
1;225;514;8;1
1;225;515;8;1
1;225;516;8;1
1;225;517;8;1
1;225;518;8;1
1;225;519;8;1
1;225;520;8;1
1;225;521;8;1
1;225;522;8;1
1;225;523;8;1
1;225;524;8;1
1;225;525;8;1
1;225;526;8;1
1;225;527;8;1
1;225;528;8;1
1;225;529;8;1
1;225;530;8;1
1;225;531;8;1
1;225;532;8;1
1;225;533;8;1
1;225;534;8;1
1;225;535;8;1
1;225;536;8;1
1;225;537;8;1
1;225;538;8;1
1;225;539;8;1
1;225;540;8;1
1;225;541;8;1
1;225;542;8;1
1;225;543;8;1
1;225;544;8;1
1;225;545;8;1
1;225;546;8;1
1;225;547;8;1
1;225;548;8;1
1;225;549;8;1
1;225;550;8;1
1;225;551;8;1
1;225;552;8;1
1;225;553;8;1
1;225;554;8;1
1;225;555;8;1
1;225;556;8;1
1;225;557;8;1
1;225;558;8;1
1;225;559;8;1
1;225;560;8;1
1;225;561;8;1
1;225;562;8;1
1;225;563;8;1
1;225;564;8;1
1;225;565;8;1
1;225;566;8;1
1;225;567;8;1
1;225;568;8;1
1;225;569;8;1
1;225;570;8;1
1;225;571;8;1
1;225;572;8;1
1;225;573;8;1
1;225;574;8;1
1;225;575;8;1
1;225;576;8;1
1;225;577;8;1
1;225;578;8;1
1;225;579;8;1
1;225;580;8;1
1;225;581;8;1
1;225;582;8;1
1;225;583;8;1
1;225;584;8;1
1;225;585;8;1
1;225;586;8;1
1;225;587;8;1
1;225;588;8;1
1;225;589;8;1
1;225;590;8;1
1;225;591;8;1
1;225;592;8;1
1;225;593;8;1
1;225;594;8;1
1;225;595;8;1
1;225;596;8;1
1;225;597;8;1
1;225;598;8;1
1;225;599;8;1
1;225;600;8;1
1;225;601;8;1
1;225;602;8;1
1;225;603;8;1
1;225;604;8;1
1;225;605;8;1
1;225;606;8;1
1;225;607;8;1
1;225;608;8;1
1;225;609;8;1
1;225;610;8;1
1;225;611;8;1
1;225;612;8;1
1;225;613;8;1
1;225;614;8;1
1;225;615;8;1
1;225;616;8;1
1;225;617;8;1
1;225;618;8;1
1;225;619;8;1
1;225;620;8;1
1;225;621;8;1
1;225;622;8;1
1;225;623;8;1
1;225;624;8;1
1;225;625;8;1
1;225;626;8;1
1;225;627;8;1
1;225;628;8;1
1;225;629;8;1
1;225;630;8;1
1;225;631;8;1
1;225;632;8;1
1;225;633;8;1
1;225;634;8;1
1;225;635;8;1
1;225;636;8;1
1;225;637;8;1
1;225;638;8;1
1;225;639;8;1
1;225;640;8;1
1;225;641;8;1
1;225;642;8;1
1;225;643;8;1
1;225;644;8;1
1;225;645;8;1
1;225;646;8;1
1;225;647;8;1
1;225;648;8;1
1;225;649;8;1
1;225;650;8;1
1;225;651;8;1
1;225;652;8;1
1;225;653;8;1
1;225;654;8;1
1;225;655;8;1
1;225;656;8;1
1;225;657;8;1
1;225;658;8;1
1;225;659;8;1
1;225;660;8;1
1;225;661;8;1
1;225;662;8;1
1;225;663;8;1
1;225;664;8;1
1;225;665;8;1
1;225;666;8;1
1;225;667;8;1
1;225;668;8;1
1;225;669;8;1
1;225;670;8;1
1;225;671;8;1
1;225;672;8;1
1;225;673;8;1
1;225;674;8;1
1;225;675;8;1
1;225;676;8;1
1;225;677;8;1
1;225;678;8;1
1;225;679;8;1
1;225;680;8;1
1;225;681;8;1
1;225;682;8;1
1;225;683;8;1
1;225;684;8;1
1;225;685;8;1
1;225;686;8;1
1;225;687;8;1
1;225;688;8;1
1;225;689;8;1
1;225;690;8;1
1;225;691;8;1
1;225;692;8;1
1;225;693;8;1
1;225;694;8;1
1;225;695;8;1
1;225;696;8;1
1;225;697;8;1
1;225;698;8;1
1;225;699;8;1
1;225;700;8;1
1;225;701;8;1
1;225;702;8;1
1;225;703;8;1
1;225;704;8;1
1;225;705;8;1
1;225;706;8;1
1;225;707;8;1
1;225;708;8;1
1;225;709;8;1
1;225;710;8;1
1;225;711;8;1
1;225;712;8;1
1;225;713;8;1
1;225;714;8;1
1;225;715;8;1
1;225;716;8;1
1;225;717;8;1
1;225;718;8;1
1;225;719;8;1
1;225;720;8;1
1;225;721;8;1
1;225;722;8;1
1;225;723;8;1
1;225;724;8;1
1;225;725;8;1
1;225;726;8;1
1;225;727;8;1
1;225;728;8;1
1;225;729;8;1
1;225;730;8;1
1;225;731;8;1
1;225;732;8;1
1;225;733;8;1
1;225;734;8;1
1;225;735;8;1
1;225;736;8;1
1;225;737;8;1
1;225;738;8;1
1;225;739;8;1
1;225;740;8;1
1;225;741;8;1
1;225;742;8;1
1;225;743;8;1
1;225;744;8;1
1;225;745;8;1
1;225;746;8;1
1;225;747;8;1
1;225;748;8;1
1;225;749;8;1
1;225;750;8;1
1;225;751;8;1
1;225;752;8;1
1;225;753;8;1
1;225;754;8;1
1;225;755;8;1
1;225;756;8;1
1;225;757;8;1
1;225;758;8;1
1;225;759;8;1
1;225;760;8;1
1;225;761;8;1
1;225;762;8;1
1;225;763;8;1
1;225;764;8;1
1;225;765;8;1
1;225;766;8;1
1;225;767;8;1
1;225;768;8;1
1;225;769;8;1
1;225;770;8;1
1;225;771;8;1
1;225;772;8;1
1;225;773;8;1
1;225;774;8;1
1;225;775;8;1
1;225;776;8;1
1;225;777;8;1
1;225;778;8;1
1;225;779;8;1
1;225;780;8;1
1;225;781;8;1
1;225;782;8;1
1;225;783;8;1
1;225;784;8;1
1;225;785;8;1
1;225;786;8;1
1;225;787;8;1
1;225;788;8;1
1;225;789;8;1
1;225;790;8;1
1;225;791;8;1
1;225;792;8;1
1;225;793;8;1
1;225;794;8;1
1;225;795;8;1
1;225;796;8;1
1;225;797;8;1
1;225;798;8;1
1;225;799;8;1
1;225;800;8;1
1;225;801;8;1
1;225;802;8;1
1;225;803;8;1
1;225;804;8;1
1;225;805;8;1
1;225;806;8;1
1;225;807;8;1
1;225;808;8;1
1;225;809;8;1
1;225;810;8;1
1;225;811;8;1
1;225;812;8;1
1;225;813;8;1
1;225;814;8;1
1;225;815;8;1
1;225;816;8;1
1;225;817;8;1
1;225;818;8;1
1;225;819;8;1
1;225;820;8;1
1;225;821;8;1
1;225;822;8;1
1;225;823;8;1
1;225;824;8;1
1;225;825;8;1
1;225;826;8;1
1;225;827;8;1
1;225;828;8;1
1;225;829;8;1
1;225;830;8;1
1;225;831;8;1
1;225;832;8;1
1;225;833;8;1
1;225;834;8;1
1;225;835;8;1
1;225;836;8;1
1;225;837;8;1
1;225;838;8;1
1;225;839;8;1
1;225;840;8;1
1;225;841;8;1
1;225;842;8;1
1;225;843;8;1
1;225;844;8;1
1;225;845;8;1
1;225;846;8;1
1;225;847;8;1
1;225;848;8;1
1;225;849;8;1
1;225;850;8;1
1;225;851;8;1
1;225;852;8;1
1;225;853;8;1
1;225;854;8;1
1;225;855;8;1
1;225;856;8;1
1;225;857;8;1
1;225;858;8;1
1;225;859;8;1
1;225;860;8;1
1;225;861;8;1
1;225;862;8;1
1;225;863;8;1
1;225;864;8;1
1;225;865;8;1
1;225;866;8;1
1;225;867;8;1
1;225;868;8;1
1;225;869;8;1
1;225;870;8;1
1;225;871;8;1
1;225;872;8;1
1;225;873;8;1
1;225;874;8;1
1;225;875;8;1
1;225;876;8;1
1;225;877;8;1
1;225;878;8;1
1;225;879;8;1
1;225;880;8;1
1;225;881;8;1
1;225;882;8;1
1;225;883;8;1
1;225;884;8;1
1;225;885;8;1
1;225;886;8;1
1;225;887;8;1
1;225;888;8;1
1;225;889;8;1
1;225;890;8;1
1;225;891;8;1
1;225;892;8;1
1;225;893;8;1
1;225;894;8;1
1;225;895;8;1
1;225;896;8;1
1;225;897;8;1
1;225;898;8;1
1;225;899;8;1
1;225;900;8;1
1;225;901;8;1
1;225;902;8;1
1;225;903;8;1
1;225;904;8;1
1;225;905;8;1
1;225;906;8;1
1;225;907;8;1
1;225;908;8;1
1;225;909;8;1
1;225;910;8;1
1;225;911;8;1
1;225;912;8;1
1;225;913;8;1
1;225;914;8;1
1;225;915;8;1
1;225;916;8;1
1;225;917;8;1
1;225;918;8;1
1;225;919;8;1
1;225;920;8;1
1;225;921;8;1
1;225;922;8;1
1;225;923;8;1
1;225;924;8;1
1;225;925;8;1
1;225;926;8;1
1;225;927;8;1
1;225;928;8;1
1;225;929;8;1
1;225;930;8;1
1;225;931;8;1
1;225;932;8;1
1;225;933;8;1
1;225;934;8;1
1;225;935;8;1
1;225;936;8;1
1;225;937;8;1
1;225;938;8;1
1;225;939;8;1
1;225;940;8;1
1;225;941;8;1
1;225;942;8;1
1;225;943;8;1
1;225;944;8;1
1;225;945;8;1
1;225;946;8;1
1;225;947;8;1
1;225;948;8;1
1;225;949;8;1
1;225;950;8;1
1;225;951;8;1
1;225;952;8;1
1;225;953;8;1
1;225;954;8;1
1;225;955;8;1
1;225;956;8;1
1;225;957;8;1
1;225;958;8;1
1;225;959;8;1
1;225;960;8;1
1;225;961;8;1
1;225;962;8;1
1;225;963;8;1
1;225;964;8;1
1;225;965;8;1
1;225;966;8;1
1;225;967;8;1
1;225;968;8;1
1;225;969;8;1
1;225;970;8;1
1;225;971;8;1
1;225;972;8;1
1;225;973;8;1
1;225;974;8;1
1;225;975;8;1
1;225;976;8;1
1;225;977;8;1
1;225;978;8;1
1;225;979;8;1
1;225;980;8;1
1;225;981;8;1
1;225;982;8;1
1;225;983;8;1
1;225;984;8;1
1;225;985;8;1
1;225;986;8;1
1;225;987;8;1
1;225;988;8;1
1;225;989;8;1
1;225;990;8;1
1;225;991;8;1
1;225;992;8;1
1;225;993;8;1
1;225;994;8;1
1;225;995;8;1
1;225;996;8;1
1;225;997;8;1
1;225;998;8;1
1;225;999;8;1
1;225;1000;8;1
1;225;1001;8;1
1;225;1002;8;1
1;225;1003;8;1
1;225;1004;8;1
1;225;1005;8;1
1;225;1006;8;1
1;225;1007;8;1
1;225;1008;8;1
1;225;1009;8;1
1;225;1010;8;1
1;225;1011;8;1
1;225;1012;8;1
1;225;1013;8;1
1;225;1014;8;1
1;225;1015;8;1
1;225;1016;8;1
1;225;1017;8;1
1;225;1018;8;1
1;225;1019;8;1
1;225;1020;8;1
1;225;1021;8;1
1;225;1022;8;1
1;225;1023;8;1
1;225;1024;8;1
1;225;1025;8;1
1;225;1026;8;1
1;225;1027;8;1
1;225;1028;8;1
1;225;1029;8;1
1;225;1030;8;1
1;225;1031;8;1
1;225;1032;8;1
1;225;1033;8;1
1;225;1034;8;1
1;225;1035;8;1
1;225;1036;8;1
1;225;1037;8;1
1;225;1038;8;1
1;225;1039;8;1
1;225;1040;8;1
1;225;1041;8;1
1;225;1042;8;1
1;225;1043;8;1
1;225;1044;8;1
1;225;1045;8;1
1;225;1046;8;1
1;225;1047;8;1
1;225;1048;8;1
1;225;1049;8;1
1;225;1050;8;1
1;225;1051;8;1
1;225;1052;8;1
1;225;1053;8;1
1;225;1054;8;1
1;225;1055;8;1
1;225;1056;8;1
1;225;1057;8;1
1;225;1058;8;1
1;225;1059;8;1
1;225;1060;8;1
1;225;1061;8;1
1;225;1062;8;1
1;225;1063;8;1
1;225;1064;8;1
1;225;1065;8;1
1;225;1066;8;1
1;225;1067;8;1
1;225;1068;8;1
1;225;1069;8;1
1;225;1070;8;1
1;225;1071;8;1
1;225;1072;8;1
1;225;1073;8;1
1;225;1074;8;1
1;225;1075;8;1
1;225;1076;8;1
1;225;1077;8;1
1;225;1078;8;1
1;225;1079;8;1
1;225;1080;8;1
1;225;1081;8;1
1;225;1082;8;1
1;225;1083;8;1
1;225;1084;8;1
1;225;1085;8;1
1;225;1086;8;1
1;225;1087;8;1
1;225;1088;8;1
1;225;1089;8;1
1;225;1090;8;1
1;225;1091;8;1
1;225;1092;8;1
1;225;1093;8;1
1;225;1094;8;1
1;225;1095;8;1
1;225;1096;8;1
1;225;1097;8;1
1;225;1098;8;1
1;225;1099;8;1
1;225;1100;8;1
1;225;1101;8;1
1;225;1102;8;1
1;225;1103;8;1
1;225;1104;8;1
1;225;1105;8;1
1;225;1106;8;1
1;225;1107;8;1
1;225;1108;8;1
1;225;1109;8;1
1;225;1110;8;1
1;225;1111;8;1
1;225;1112;8;1
1;225;1113;8;1
1;225;1114;8;1
1;225;1115;8;1
1;225;1116;8;1
1;225;1117;8;1
1;225;1118;8;1
1;225;1119;8;1
1;225;1120;8;1
1;225;1121;8;1
1;225;1122;8;1
1;225;1123;8;1
1;225;1124;8;1
1;225;1125;8;1
1;225;1126;8;1
1;225;1127;8;1
1;225;1128;8;1
1;225;1129;8;1
1;225;1130;8;1
1;225;1131;8;1
1;225;1132;8;1
1;225;1133;8;1
1;225;1134;8;1
1;225;1135;8;1
1;225;1136;8;1
1;225;1137;8;1
1;225;1138;8;1
1;225;1139;8;1
1;225;1140;8;1
1;225;1141;8;1
1;225;1142;8;1
1;225;1143;8;1
1;225;1144;8;1
1;225;1145;8;1
1;225;1146;8;1
1;225;1147;8;1
1;225;1148;8;1
1;225;1149;8;1
1;225;1150;8;1
1;225;1151;8;1
1;225;1152;8;1
1;225;1153;8;1
1;225;1154;8;1
1;225;1155;8;1
1;225;1156;8;1
1;225;1157;8;1
1;225;1158;8;1
1;225;1159;8;1
1;225;1160;8;1
1;225;1161;8;1
1;225;1162;8;1
1;225;1163;8;1
1;225;1164;8;1
1;225;1165;8;1
1;225;1166;8;1
1;225;1167;8;1
1;225;1168;8;1
1;225;1169;8;1
1;225;1170;8;1
1;225;1171;8;1
1;225;1172;8;1
1;225;1173;8;1
1;225;1174;8;1
1;225;1175;8;1
1;225;1176;8;1
1;225;1177;8;1
1;225;1178;8;1
1;225;1179;8;1
1;225;1180;8;1
1;225;1181;8;1
1;225;1182;8;1
1;225;1183;8;1
1;225;1184;8;1
1;225;1185;8;1
1;225;1186;8;1
1;225;1187;8;1
1;225;1188;8;1
1;225;1189;8;1
1;225;1190;8;1
1;225;1191;8;1
1;225;1192;8;1
1;225;1193;8;1
1;225;1194;8;1
1;225;1195;8;1
1;225;1196;8;1
1;225;1197;8;1
1;225;1198;8;1
1;225;1199;8;1
1;225;1200;8;1
1;225;1201;8;1
1;225;1202;8;1
1;225;1203;8;1
1;225;1204;8;1
1;225;1205;8;1
1;225;1206;8;1
1;225;1207;8;1
1;225;1208;8;1
1;225;1209;8;1
1;225;1210;8;1
1;225;1211;8;1
1;225;1212;8;1
1;225;1213;8;1
1;225;1214;8;1
1;225;1215;8;1
1;225;1216;8;1
1;225;1217;8;1
1;225;1218;8;1
1;225;1219;8;1
1;225;1220;8;1
1;225;1221;8;1
1;225;1222;8;1
1;225;1223;8;1
1;225;1224;8;1
1;225;1225;8;1
1;225;1226;8;1
1;225;1227;8;1
1;225;1228;8;1
1;225;1229;8;1
1;225;1230;8;1
1;225;1231;8;1
1;225;1232;8;1
1;225;1233;8;1
1;225;1234;8;1
1;225;1235;8;1
1;225;1236;8;1
1;225;1237;8;1
1;225;1238;8;1
1;225;1239;8;1
1;225;1240;8;1
1;225;1241;8;1
1;225;1242;8;1
1;225;1243;8;1
1;225;1244;8;1
1;225;1245;8;1
1;225;1246;8;1
1;225;1247;8;1
1;225;1248;8;1
1;225;1249;8;1
1;225;1250;8;1
1;225;1251;8;1
1;225;1252;8;1
1;225;1253;8;1
1;225;1254;8;1
1;225;1255;8;1
1;225;1256;8;1
1;225;1257;8;1
1;225;1258;8;1
1;225;1259;8;1
1;225;1260;8;1
1;225;1261;8;1
1;225;1262;8;1
1;225;1263;8;1
1;225;1264;8;1
1;225;1265;8;1
1;225;1266;8;1
1;225;1267;8;1
1;225;1268;8;1
1;225;1269;8;1
1;225;1270;8;1
1;225;1271;8;1
1;225;1272;8;1
1;225;1273;8;1
1;225;1274;8;1
1;225;1275;8;1
1;225;1276;8;1
1;225;1277;8;1
1;225;1278;8;1
1;225;1279;8;1
1;225;1280;8;1
1;225;1281;8;1
1;225;1282;8;1
1;225;1283;8;1
1;225;1284;8;1
1;225;1285;8;1
1;225;1286;8;1
1;225;1287;8;1
1;225;1288;8;1
1;225;1289;8;1
1;225;1290;8;1
1;225;1291;8;1
1;225;1292;8;1
1;225;1293;8;1
1;225;1294;8;1
1;225;1295;8;1
1;225;1296;8;1
1;225;1297;8;1
1;225;1298;8;1
1;225;1299;8;1
1;225;1300;8;1
1;225;1301;8;1
1;225;1302;8;1
1;225;1303;8;1
1;225;1304;8;1
1;225;1305;8;1
1;225;1306;8;1
1;225;1307;8;1
1;225;1308;8;1
1;225;1309;8;1
1;225;1310;8;1
1;225;1311;8;1
1;225;1312;8;1
1;225;1313;8;1
1;225;1314;8;1
1;225;1315;8;1
1;225;1316;8;1
1;225;1317;8;1
1;225;1318;8;1
1;225;1319;8;1
1;225;1320;8;1
1;225;1321;8;1
1;225;1322;8;1
1;225;1323;8;1
1;225;1324;8;1
1;225;1325;8;1
1;225;1326;8;1
1;225;1327;8;1
1;225;1328;8;1
1;225;1329;8;1
1;225;1330;8;1
1;225;1331;8;1
1;225;1332;8;1
1;225;1333;8;1
1;225;1334;8;1
1;225;1335;8;1
1;225;1336;8;1
1;225;1337;8;1
1;225;1338;8;1
1;225;1339;8;1
1;225;1340;8;1
1;225;1341;8;1
1;225;1342;8;1
1;225;1343;8;1
1;225;1344;8;1
1;225;1345;8;1
1;225;1346;8;1
1;225;1347;8;1
1;225;1348;8;1
1;225;1349;8;1
1;225;1350;8;1
1;225;1351;8;1
1;225;1352;8;1
1;225;1353;8;1
1;225;1354;8;1
1;225;1355;8;1
1;225;1356;8;1
1;225;1357;8;1
1;225;1358;8;1
1;225;1359;8;1
1;225;1360;8;1
1;225;1361;8;1
1;225;1362;8;1
1;225;1363;8;1
1;225;1364;8;1
1;225;1365;8;1
1;225;1366;8;1
1;225;1367;8;1
1;225;1368;8;1
1;225;1369;8;1
1;225;1370;8;1
1;225;1371;8;1
1;225;1372;8;1
1;225;1373;8;1
1;225;1374;8;1
1;225;1375;8;1
1;225;1376;8;1
1;225;1377;8;1
1;225;1378;8;1
1;225;1379;8;1
1;225;1380;8;1
1;225;1381;8;1
1;225;1382;8;1
1;225;1383;8;1
1;225;1384;8;1
1;225;1385;8;1
1;225;1386;8;1
1;225;1387;8;1
1;225;1388;8;1
1;225;1389;8;1
1;225;1390;8;1
1;225;1391;8;1
1;225;1392;8;1
1;225;1393;8;1
1;225;1394;8;1
1;225;1395;8;1
1;225;1396;8;1
1;225;1397;8;1
1;225;1398;8;1
1;225;1399;8;1
1;225;1400;8;1
1;225;1401;8;1
1;225;1402;8;1
1;225;1403;8;1
1;225;1404;8;1
1;225;1405;8;1
1;225;1406;8;1
1;225;1407;8;1
1;225;1408;8;1
1;225;1409;8;1
1;225;1410;8;1
1;225;1411;8;1
1;225;1412;8;1
1;225;1413;8;1
1;225;1414;8;1
1;225;1415;8;1
1;225;1416;8;1
1;225;1417;8;1
1;225;1418;8;1
1;225;1419;8;1
1;225;1420;8;1
1;225;1421;8;1
1;225;1422;8;1
1;225;1423;8;1
1;225;1424;8;1
1;225;1425;8;1
1;225;1426;8;1
1;225;1427;8;1
1;225;1428;8;1
1;225;1429;8;1
1;225;1430;8;1
1;225;1431;8;1
1;225;1432;8;1
1;225;1433;8;1
1;225;1434;8;1
1;225;1435;8;1
1;225;1436;8;1

1;223;721;7;0;